id_cliente,nombre,cuit,direccion,email
1,Vicky Goreway,3073112685,PO Box 89422,vgoreway0@ustream.tv
2,Anna-diana Clemmow,8807524678,Apt 1416,aclemmow1@google.com.hk
3,Jude Stachini,3172918491,Apt 1741,jstachini2@archive.org
4,Oliy Chaddock,1131405544,15th Floor,ochaddock3@vk.com
5,Ashien Minors,5040811330,Apt 1957,aminors4@sina.com.cn
6,Fanni McDougall,7207520670,20th Floor,fmcdougall5@github.com
7,Vevay Sacker,4861456665,3rd Floor,vsacker6@pcworld.com
8,Hayward Lagadu,7645498986,Suite 51,hlagadu7@blinklist.com
9,Daron Sorley,3397651115,PO Box 80935,dsorley8@tinypic.com
10,Shurlock Riach,9012479770,Suite 58,sriach9@telegraph.co.uk
11,Leena Kleiser,8066545347,PO Box 23318,lkleisera@abc.net.au
12,Cobby Dassindale,4064090896,PO Box 94961,cdassindaleb@senate.gov
13,Clarke Owttrim,1590722914,Apt 702,cowttrimc@tiny.cc
14,Mechelle Tucsell,5185657626,Room 58,mtucselld@irs.gov
15,Lisbeth MacGiolla Pheadair,6772445694,Room 1334,lmacgiollae@blogspot.com
16,Reine Bonafacino,0107671255,17th Floor,rbonafacinof@netvibes.com
17,Tarrance Hollow,3504352094,17th Floor,thollowg@nba.com
18,Elbertine Marfe,8164745510,Room 504,emarfeh@youtu.be
19,Jamal Lefever,4324597324,Suite 44,jlefeveri@phoca.cz
20,Trey Kenyon,8601449395,Suite 8,tkenyonj@wp.com
21,Jan Bold,7916549239,Suite 26,jboldk@devhub.com
22,Dorolice Doyley,2415982849,1st Floor,ddoyleyl@marketwatch.com
23,Quintin Dadley,7590860654,18th Floor,qdadleym@cbslocal.com
24,Flor Dignan,3626198898,PO Box 36007,fdignann@discuz.net
25,Lebbie Bettles,0835111350,18th Floor,lbettleso@photobucket.com
26,Tracee Kersting,8271988530,14th Floor,tkerstingp@jugem.jp
27,Mia Triebner,6423946086,Apt 1415,mtriebnerq@wp.com
28,Bobbye Childrens,4077944910,Suite 63,bchildrensr@soundcloud.com
29,Tasha Ralls,2883895171,PO Box 99974,trallss@google.es
30,Hollyanne Doge,7136012783,11th Floor,hdoget@umn.edu
31,Mina Korn,5419137003,Apt 500,mkornu@nyu.edu
32,Joana Rugiero,8918289626,2nd Floor,jrugierov@google.fr
33,Rodrigo Portchmouth,9249411839,PO Box 97620,rportchmouthw@nature.com
34,Noellyn Hagyard,3258723990,17th Floor,nhagyardx@icio.us
35,Trey Voas,4714147765,Room 803,tvoasy@icio.us
36,Anissa Serrels,3072911185,Apt 989,aserrelsz@bloglines.com
37,Tadio Weedenburg,7163133251,Room 449,tweedenburg10@xrea.com
38,Dinnie Stoyle,1767983557,Suite 53,dstoyle11@ebay.com
39,Rosalinda Trevon,6154138857,Apt 793,rtrevon12@rediff.com
40,Amber Feldmesser,9179324118,PO Box 80218,afeldmesser13@intel.com
41,Lyell Berry,4930449715,Suite 31,lberry14@prnewswire.com
42,Steven Keyho,0435124250,Apt 426,skeyho15@scientificamerican.com
43,Sheelagh Gogie,5845506387,PO Box 13886,sgogie16@paginegialle.it
44,Taylor Stiffkins,4611101452,17th Floor,tstiffkins17@vkontakte.ru
45,Agnola Moon,4014734749,Room 1161,amoon18@reuters.com
46,Lissi Climpson,2339061881,Suite 49,lclimpson19@biglobe.ne.jp
47,Mozelle Tompkin,8053896251,Room 1536,mtompkin1a@tinypic.com
48,Anthiathia Driscoll,7710945961,PO Box 47159,adriscoll1b@cdc.gov
49,Winn Mees,1616113189,Suite 49,wmees1c@ted.com
50,Barbara Raffeorty,4467178902,16th Floor,braffeorty1d@buzzfeed.com
51,Lionel Khan,4333369274,Suite 40,lkhan1e@blogtalkradio.com
52,Joanie Reichert,9262457251,Apt 1531,jreichert1f@mapy.cz
53,Ruth Tilliard,9850444517,Suite 91,rtilliard1g@bloomberg.com
54,Helen-elizabeth Aharoni,6633049528,Apt 519,haharoni1h@discovery.com
55,Mariejeanne Markovic,2562779576,Apt 554,mmarkovic1i@comcast.net
56,Rhys Tarbath,7674627705,Room 1911,rtarbath1j@printfriendly.com
57,Maud Bannister,6429417271,Room 1839,mbannister1k@harvard.edu
58,Monique Grinham,7036821434,Suite 69,mgrinham1l@unicef.org
59,Oneida Caltera,4874701736,PO Box 26892,ocaltera1m@tuttocitta.it
60,Berna Northcliffe,8474677262,PO Box 58408,bnorthcliffe1n@buzzfeed.com
61,Odella Purcer,5067201169,Apt 1532,opurcer1o@newsvine.com
62,Vivianna Lynds,6514749879,Apt 169,vlynds1p@upenn.edu
63,Abbie Mishaw,1788657284,Room 579,amishaw1q@sciencedaily.com
64,Ginelle McComiskey,4559478384,Apt 1502,gmccomiskey1r@tripadvisor.com
65,Jenny Reditt,8505256468,20th Floor,jreditt1s@abc.net.au
66,Piotr Tolcharde,0679459219,Suite 18,ptolcharde1t@last.fm
67,Gerrie Hawney,0860803007,Room 1029,ghawney1u@fda.gov
68,Asia Kynaston,3340686270,PO Box 51685,akynaston1v@freewebs.com
69,Vivyan Eamer,3581929732,Apt 1924,veamer1w@wisc.edu
70,Adolf Ferras,0144212390,PO Box 7429,aferras1x@nih.gov
71,Shell Izakof,2445134595,Apt 1733,sizakof1y@desdev.cn
72,Marlowe Gettins,7802491134,Room 865,mgettins1z@biglobe.ne.jp
73,Gertruda Reijmers,6317914214,Apt 444,greijmers20@mac.com
74,Marlyn Jenk,9414894020,Apt 524,mjenk21@jugem.jp
75,Corliss Reardon,7985203397,Room 1700,creardon22@slashdot.org
76,Marya Hoyles,1345742681,Apt 656,mhoyles23@wunderground.com
77,Salvatore Gerardot,5066669752,PO Box 29755,sgerardot24@abc.net.au
78,Brantley Adamini,7555540274,Room 149,badamini25@acquirethisname.com
79,Donelle McCleod,1562514296,Suite 42,dmccleod26@joomla.org
80,Slade Norcock,3297993324,Room 1624,snorcock27@howstuffworks.com
81,Kile Bilbie,2440760226,Suite 64,kbilbie28@nasa.gov
82,Marjorie Bartolomivis,7203187616,Suite 29,mbartolomivis29@auda.org.au
83,Beulah Camblin,0407497366,Apt 419,bcamblin2a@businesswire.com
84,Walsh Hudson,3732694550,Room 1392,whudson2b@state.gov
85,Marshal Oppery,8006501335,5th Floor,moppery2c@reuters.com
86,Baron Dunbar,4836053072,3rd Floor,bdunbar2d@stumbleupon.com
87,Katusha Cowap,6207197445,Apt 1121,kcowap2e@jigsy.com
88,Theodor Bleacher,1287515010,Room 1785,tbleacher2f@list-manage.com
89,Zeb Conor,5247100999,Apt 979,zconor2g@blinklist.com
90,Lonni Yackiminie,0545905702,16th Floor,lyackiminie2h@psu.edu
91,Hurleigh Madgewick,2623445656,16th Floor,hmadgewick2i@craigslist.org
92,Candide Fieldsend,1222925095,PO Box 46034,cfieldsend2j@miibeian.gov.cn
93,Izzy Wetherick,0741050374,5th Floor,iwetherick2k@51.la
94,Lyndsie Gawthrope,1801539383,17th Floor,lgawthrope2l@diigo.com
95,Bee Patten,1769401075,Apt 1760,bpatten2m@multiply.com
96,Danica Froschauer,8075121953,Room 243,dfroschauer2n@bigcartel.com
97,Anneliese Lorimer,0379386704,Room 1604,alorimer2o@feedburner.com
98,Manny Cordelette,3578171174,14th Floor,mcordelette2p@rediff.com
99,Riobard Mattiessen,5119360653,Suite 24,rmattiessen2q@furl.net
100,Keene Bodleigh,2341774024,Room 1086,kbodleigh2r@wordpress.org
101,Kiele Ruzicka,5557199780,9th Floor,kruzicka2s@forbes.com
102,Lebbie Jedrzejkiewicz,3376922152,Apt 372,ljedrzejkiewicz2t@freewebs.com
103,Lauren Rawlingson,4320834232,Apt 66,lrawlingson2u@angelfire.com
104,Wit Housecroft,2916503919,PO Box 26581,whousecroft2v@w3.org
105,Caleb Bruford,5945401293,Suite 47,cbruford2w@sbwire.com
106,Pembroke McMorran,1022995847,Apt 1450,pmcmorran2x@moonfruit.com
107,Lesya Deane,8721151954,9th Floor,ldeane2y@mysql.com
108,Jinny Spellessy,4661417852,PO Box 83620,jspellessy2z@state.gov
109,Tarrance Polsin,9329808670,Apt 70,tpolsin30@netvibes.com
110,Allison Gawler,5398386174,15th Floor,agawler31@forbes.com
111,Jerrylee Alderwick,4970424934,PO Box 90824,jalderwick32@51.la
112,Ailsun Kaasmann,2512414515,PO Box 23827,akaasmann33@homestead.com
113,Ekaterina Betham,0840906439,Suite 75,ebetham34@wordpress.com
114,Ddene Riccardi,3172687694,Apt 373,driccardi35@shinystat.com
115,Elvira Plank,8412251539,Suite 33,eplank36@twitter.com
116,Alisha Christoforou,6044604853,Apt 1415,achristoforou37@jimdo.com
117,Nichole Schubert,6127827698,Suite 86,nschubert38@rediff.com
118,Abbey Kingdon,5196989838,Suite 96,akingdon39@tumblr.com
119,Paola Zoren,4212911221,Apt 1274,pzoren3a@scribd.com
120,Horst Croston,3370143216,16th Floor,hcroston3b@paypal.com
121,Dory McAlinion,5756376887,PO Box 95206,dmcalinion3c@instagram.com
122,Lee Tumulty,3083986408,Apt 1207,ltumulty3d@jugem.jp
123,Ray Gonthard,0833379410,Room 858,rgonthard3e@howstuffworks.com
124,Iggie Seeler,8158846424,Apt 812,iseeler3f@rakuten.co.jp
125,Eloise Freckingham,7403905709,Suite 20,efreckingham3g@unesco.org
126,Kendall Pozzo,7477499151,2nd Floor,kpozzo3h@prlog.org
127,Sosanna Storton,7160481178,14th Floor,sstorton3i@phpbb.com
128,Jared Daud,0355874709,Room 944,jdaud3j@blinklist.com
129,Iona Markovic,1512727768,PO Box 35615,imarkovic3k@fastcompany.com
130,Giffie Dunster,8446085860,Apt 1336,gdunster3l@squarespace.com
131,Brewster Tace,8101042792,Suite 60,btace3m@topsy.com
132,Fred Murcott,3080659813,Apt 1703,fmurcott3n@icio.us
133,Melosa Bondesen,2957706024,PO Box 50993,mbondesen3o@furl.net
134,Anna-diane Semerad,8886193386,5th Floor,asemerad3p@theglobeandmail.com
135,Amber Bills,2822932875,17th Floor,abills3q@upenn.edu
136,Pamela Branno,0601536991,11th Floor,pbranno3r@yelp.com
137,Erny Pickburn,2914849931,Apt 244,epickburn3s@ebay.co.uk
138,Dannie Cranfield,0987363735,Apt 1385,dcranfield3t@free.fr
139,Dot Sorrie,4749082430,1st Floor,dsorrie3u@bloglines.com
140,Gay Bittany,9650837183,Apt 1522,gbittany3v@miibeian.gov.cn
141,Jere Friskey,3776876182,Suite 25,jfriskey3w@cloudflare.com
142,Abigael Kobu,1988953200,Apt 151,akobu3x@reuters.com
143,Ravi Gjerde,3730142259,Room 63,rgjerde3y@ca.gov
144,Geoffrey Musk,3553899816,PO Box 15802,gmusk3z@i2i.jp
145,Robb Coldtart,3686076004,Suite 94,rcoldtart40@tuttocitta.it
146,Laure Garrals,6281197658,Apt 1132,lgarrals41@newsvine.com
147,Gwennie Deaville,3232758797,16th Floor,gdeaville42@w3.org
148,Gun Tolworthy,3561176992,19th Floor,gtolworthy43@tmall.com
149,Randi Ruzek,2877631958,Apt 1709,rruzek44@liveinternet.ru
150,My Rickwood,8086148262,Apt 1364,mrickwood45@vistaprint.com
